,event_id,azimuth,zenith
0,935486,0.7244667081463354,0.6000377984152143
1,992752,3.908725930741416,1.227724354216285
2,834661,5.593694514069074,1.339168932492482
3,62567,5.27881229478359,1.6969336569083247
4,880515,1.2748633556102282,1.690288715593083
5,640054,4.918440795818446,0.3738684776902228
6,19321,2.434654464559494,1.3401359822684544
7,1059343,1.4955135632627603,1.7743978929026332
8,825185,2.08012030277716,1.028620740852099
9,555032,2.7988266627304434,0.9295950031874182
